sample_id,tcga,tissue,tissue_subtype,ic50,auc
OACp4C,ESCA,aero_digestive_tract,oesophagus,0.123,0.195
PCI-6A,HNSC,aero_digestive_tract,head_and_neck,0.172,0.206
H3118,UNCLASSIFIED,aero_digestive_tract,head_and_neck,0.258,0.271
SCC-25,HNSC,aero_digestive_tract,head_and_neck,0.268,0.279
Ca9-22,HNSC,aero_digestive_tract,head_and_neck,0.27,0.258
PCI-4B,HNSC,aero_digestive_tract,head_and_neck,0.38,0.311
OSC-19,HNSC,aero_digestive_tract,head_and_neck,0.408,0.329
KYSE-180,ESCA,aero_digestive_tract,oesophagus,0.428,0.329
RPMI-2650,HNSC,aero_digestive_tract,head_and_neck,0.437,0.342
CAL-27,HNSC,aero_digestive_tract,head_and_neck,0.446,0.341
JHU-011,HNSC,aero_digestive_tract,head_and_neck,0.455,0.341
SK-GT-4,ESCA,aero_digestive_tract,oesophagus,0.473,0.363
ESO26,ESCA,aero_digestive_tract,oesophagus,0.489,0.349
TE-15,ESCA,aero_digestive_tract,oesophagus,0.49,0.361
OACM5-1,ESCA,aero_digestive_tract,oesophagus,0.523,0.371
BICR78,HNSC,aero_digestive_tract,head_and_neck,0.54,0.377
BHY,HNSC,aero_digestive_tract,head_and_neck,0.553,0.372
SAS,HNSC,aero_digestive_tract,head_and_neck,0.558,0.379
KYAE-1,ESCA,aero_digestive_tract,oesophagus,0.595,0.389
SCC-9,HNSC,aero_digestive_tract,head_and_neck,0.605,0.398
KYSE-50,ESCA,aero_digestive_tract,oesophagus,0.667,0.397
HO-1-u-1,HNSC,aero_digestive_tract,head_and_neck,0.713,0.409
TE-4,ESCA,aero_digestive_tract,oesophagus,0.721,0.413
OSC-20,HNSC,aero_digestive_tract,head_and_neck,0.751,0.426
KOSC-2,HNSC,aero_digestive_tract,head_and_neck,0.763,0.423
ESO51,ESCA,aero_digestive_tract,oesophagus,0.795,0.439
KYSE-450,ESCA,aero_digestive_tract,oesophagus,0.859,0.439
HO-1-N-1,HNSC,aero_digestive_tract,head_and_neck,0.911,0.448
SAT,HNSC,aero_digestive_tract,head_and_neck,1.07,0.48
PCI-38,HNSC,aero_digestive_tract,head_and_neck,1.21,0.495
SCC-4,HNSC,aero_digestive_tract,head_and_neck,1.26,0.501
BB30-HNC,HNSC,aero_digestive_tract,head_and_neck,1.31,0.507
SKN-3,HNSC,aero_digestive_tract,head_and_neck,1.34,0.51
KYSE-510,ESCA,aero_digestive_tract,oesophagus,1.36,0.514
KYSE-270,ESCA,aero_digestive_tract,oesophagus,1.48,0.529
SCC-15,HNSC,aero_digestive_tract,head_and_neck,1.51,0.527
FLO-1,ESCA,aero_digestive_tract,oesophagus,1.56,0.529
CAL-33,HNSC,aero_digestive_tract,head_and_neck,1.75,0.553
PE-CA-PJ15,HNSC,aero_digestive_tract,head_and_neck,1.79,0.555
KYSE-70,ESCA,aero_digestive_tract,oesophagus,1.82,0.557
KYSE-220,ESCA,aero_digestive_tract,oesophagus,1.83,0.559
LB771-HNC,HNSC,aero_digestive_tract,head_and_neck,1.92,0.561
OE21,ESCA,aero_digestive_tract,oesophagus,2.17,0.575
KYSE-410,ESCA,aero_digestive_tract,oesophagus,2.45,0.603
HSC-2,HNSC,aero_digestive_tract,head_and_neck,2.47,0.611
KYSE-520,ESCA,aero_digestive_tract,oesophagus,2.47,0.594
HSC-3,HNSC,aero_digestive_tract,head_and_neck,2.61,0.624
OE33,ESCA,aero_digestive_tract,oesophagus,2.67,0.61
BICR31,HNSC,aero_digestive_tract,head_and_neck,2.77,0.625
FADU,HNSC,aero_digestive_tract,head_and_neck,2.79,0.628
HSC-4,HNSC,aero_digestive_tract,head_and_neck,3.14,0.626
BICR22,HNSC,aero_digestive_tract,head_and_neck,3.23,0.639
A253,UNCLASSIFIED,aero_digestive_tract,head_and_neck,5.07,0.717
JHU-022,HNSC,aero_digestive_tract,head_and_neck,5.32,0.698
BB49-HNC,HNSC,aero_digestive_tract,head_and_neck,5.96,0.702
KYSE-150,ESCA,aero_digestive_tract,oesophagus,6.79,0.76
Detroit562,HNSC,aero_digestive_tract,head_and_neck,8.39,0.788
BICR10,HNSC,aero_digestive_tract,head_and_neck,8.93,0.771
HN,HNSC,aero_digestive_tract,head_and_neck,9.01,0.8
EC-GI-10,ESCA,aero_digestive_tract,oesophagus,11.4,0.82
KON,HNSC,aero_digestive_tract,head_and_neck,11.8,0.826
PCI-30,HNSC,aero_digestive_tract,head_and_neck,12.9,0.804
T-T,ESCA,aero_digestive_tract,oesophagus,13,0.834
OE19,ESCA,aero_digestive_tract,oesophagus,18.2,0.848
HCE-4,ESCA,aero_digestive_tract,oesophagus,47.9,0.961
TE-11,ESCA,aero_digestive_tract,oesophagus,54.4,0.957
TE-1,ESCA,aero_digestive_tract,oesophagus,94.2,0.939
PCI-15A,HNSC,aero_digestive_tract,head_and_neck,217,0.983
TE-10,ESCA,aero_digestive_tract,oesophagus,239,0.987
KYSE-140,ESCA,aero_digestive_tract,oesophagus,280,0.98
TE-5,ESCA,aero_digestive_tract,oesophagus,288,0.979
TE-8,ESCA,aero_digestive_tract,oesophagus,327,0.985
TE-9,ESCA,aero_digestive_tract,oesophagus,328,0.987
TE-12,ESCA,aero_digestive_tract,oesophagus,347,0.979
TE-6,ESCA,aero_digestive_tract,oesophagus,449,0.985
COLO-680N,ESCA,aero_digestive_tract,oesophagus,553,0.986
KU812,LCML,blood,chronic_myeloid_leukaemia,0.0157,0.0229
SR,UNCLASSIFIED,blood,lymphoid_neoplasm_other,0.0297,0.0425
SU-DHL-16,DLBC,blood,B_cell_lymphoma,0.0309,0.0081
SU-DHL-10,DLBC,blood,B_cell_lymphoma,0.0333,0.00508
CA46,UNCLASSIFIED,blood,Burkitt_lymphoma,0.0337,0.0739
WIL2-NS,UNCLASSIFIED,blood,lymphoid_neoplasm_other,0.0345,0.0331
SU-DHL-8,DLBC,blood,B_cell_lymphoma,0.0483,0.075
SU-DHL-5,DLBC,blood,B_cell_lymphoma,0.0494,0.0324
BL-70,UNCLASSIFIED,blood,Burkitt_lymphoma,0.0495,0.0541
MOLT-13,ALL,blood,lymphoblastic_T_cell_leukaemia,0.0515,0.0687
MY-M12,ALL,blood,leukemia,0.0534,0.111
ALL-PO,ALL,blood,lymphoblastic_leukemia,0.0617,0.113
JM1,DLBC,blood,B_cell_lymphoma,0.0618,0.0774
NAMALWA,UNCLASSIFIED,blood,Burkitt_lymphoma,0.0639,0.0761
DB,DLBC,blood,B_cell_lymphoma,0.0674,0.129
KARPAS-45,ALL,blood,lymphoblastic_leukemia,0.0737,0.0855
SU-DHL-6,DLBC,blood,B_cell_lymphoma,0.0753,0.0575
Toledo,UNCLASSIFIED,blood,B_cell_lymphoma,0.0767,0.144
YT,ALL,blood,lymphoid_neoplasm_other,0.078,0.0946
MOLP-8,MM,blood,myeloma,0.082,0.122
SLVL,DLBC,blood,B_cell_lymphoma,0.0827,0.138
LOUCY,ALL,blood,lymphoblastic_T_cell_leukaemia,0.0833,0.0923
697,UNCLASSIFIED,blood,lymphoblastic_leukemia,0.0894,0.0943
P3HR-1,UNCLASSIFIED,blood,Burkitt_lymphoma,0.0902,0.116
CMK,LAML,blood,acute_myeloid_leukaemia,0.094,0.112
P30-OHK,ALL,blood,lymphoblastic_leukemia,0.0972,0.112
NU-DUL-1,DLBC,blood,B_cell_lymphoma,0.0987,0.106
OCI-M1,LAML,blood,acute_myeloid_leukaemia,0.1,0.0943
RPMI-8402,ALL,blood,lymphoblastic_T_cell_leukaemia,0.105,0.121
BC-2,UNCLASSIFIED,blood,B_cell_lymphoma,0.107,0.165
VAL,DLBC,blood,B_cell_lymphoma,0.113,0.161
KOPN-8,UNCLASSIFIED,blood,B_cell_leukemia,0.114,0.134
HEL,LAML,blood,acute_myeloid_leukaemia,0.116,0.131
QIMR-WIL,LAML,blood,acute_myeloid_leukaemia,0.118,0.16
SIG-M5,LAML,blood,acute_myeloid_leukaemia,0.119,0.11
OCI-AML5,LAML,blood,acute_myeloid_leukaemia,0.12,0.152
CCRF-CEM,ALL,blood,lymphoblastic_leukemia,0.126,0.142
JSC-1,DLBC,blood,B_cell_lymphoma,0.13,0.173
MOLT-4,ALL,blood,lymphoblastic_leukemia,0.131,0.14
BL-41,UNCLASSIFIED,blood,Burkitt_lymphoma,0.131,0.127
BE-13,ALL,blood,lymphoblastic_leukemia,0.133,0.167
ALL-SIL,ALL,blood,T_cell_leukemia,0.134,0.154
PF-382,ALL,blood,lymphoblastic_T_cell_leukaemia,0.134,0.158
P12-ICHIKAWA,ALL,blood,lymphoblastic_T_cell_leukaemia,0.135,0.133
MLMA,UNCLASSIFIED,blood,hairy_cell_leukaemia,0.135,0.181
NALM-6,UNCLASSIFIED,blood,B_cell_leukemia,0.135,0.15
MHH-PREB-1,UNCLASSIFIED,blood,B_cell_leukemia,0.136,0.162
RS4-11,ALL,blood,leukemia,0.137,0.168
RPMI-6666,UNCLASSIFIED,blood,Hodgkin_lymphoma,0.14,0.209
HAL-01,ALL,blood,lymphoblastic_leukemia,0.145,0.169
RPMI-8866,LCML,blood,chronic_myeloid_leukaemia,0.146,0.177
NB4,LAML,blood,acute_myeloid_leukaemia,0.154,0.163
CESS,LAML,blood,acute_myeloid_leukaemia,0.154,0.171
MEC-1,UNCLASSIFIED,blood,B_cell_leukemia,0.159,0.204
DND-41,ALL,blood,T_cell_leukemia,0.16,0.18
Sci-1,UNCLASSIFIED,blood,B_cell_lymphoma,0.162,0.173
SUP-M2,UNCLASSIFIED,blood,anaplastic_large_cell_lymphoma,0.169,0.162
KMS-12-BM,MM,blood,myeloma,0.169,0.177
ATN-1,ALL,blood,lymphoblastic_T_cell_leukaemia,0.171,0.198
HC-1,UNCLASSIFIED,blood,hairy_cell_leukaemia,0.173,0.203
SU-DHL-4,DLBC,blood,B_cell_lymphoma,0.174,0.152
P32-ISH,UNCLASSIFIED,blood,Burkitt_lymphoma,0.174,0.163
KE-37,ALL,blood,lymphoblastic_leukemia,0.186,0.176
MC116,DLBC,blood,B_cell_lymphoma,0.19,0.162
MV-4-11,UNCLASSIFIED,blood,leukemia,0.191,0.192
OCI-LY-19,DLBC,blood,B_cell_lymphoma,0.192,0.211
AMO-1,MM,blood,haematopoietic_neoplasm_other,0.193,0.201
HT,DLBC,blood,B_cell_lymphoma,0.197,0.214
EoL-1-cell,UNCLASSIFIED,blood,haematopoietic_neoplasm_other,0.2,0.21
SUP-B15,ALL,blood,lymphoblastic_leukemia,0.207,0.226
ST486,UNCLASSIFIED,blood,Burkitt_lymphoma,0.21,0.217
KARPAS-299,UNCLASSIFIED,blood,anaplastic_large_cell_lymphoma,0.216,0.212
NKM-1,LAML,blood,acute_myeloid_leukaemia,0.225,0.246
REH,UNCLASSIFIED,blood,B_cell_leukemia,0.227,0.238
KARPAS-620,MM,blood,haematopoietic_neoplasm_other,0.231,0.226
J-RT3-T3-5,UNCLASSIFIED,blood,lymphoblastic_T_cell_leukaemia,0.231,0.229
LC4-1,ALL,blood,lymphoblastic_leukemia,0.233,0.259
Ramos-2G6-4C10,UNCLASSIFIED,blood,Burkitt_lymphoma,0.235,0.227
KMS-11,MM,blood,myeloma,0.236,0.228
MC-CAR,MM,blood,haematopoietic_neoplasm_other,0.238,0.236
SUP-T1,ALL,blood,lymphoblastic_T_cell_leukaemia,0.242,0.241
GDM-1,LAML,blood,acute_myeloid_leukaemia,0.246,0.249
JJN-3,MM,blood,haematopoietic_neoplasm_other,0.248,0.23
MN-60,UNCLASSIFIED,blood,B_cell_leukemia,0.25,0.261
OCI-AML2,LAML,blood,acute_myeloid_leukaemia,0.252,0.219
THP-1,LAML,blood,acute_myeloid_leukaemia,0.256,0.247
ARH-77,MM,blood,myeloma,0.268,0.262
Daudi,UNCLASSIFIED,blood,Burkitt_lymphoma,0.276,0.254
RPMI-8226,MM,blood,myeloma,0.279,0.255
TK,DLBC,blood,B_cell_lymphoma,0.288,0.266
SUP-HD1,UNCLASSIFIED,blood,Hodgkin_lymphoma,0.295,0.274
MOLM-13,LAML,blood,acute_myeloid_leukaemia,0.296,0.272
L-1236,UNCLASSIFIED,blood,Hodgkin_lymphoma,0.299,0.263
BV-173,LCML,blood,chronic_myeloid_leukaemia,0.302,0.269
TUR,DLBC,blood,B_cell_lymphoma,0.302,0.274
TF-1,UNCLASSIFIED,blood,acute_myeloid_leukaemia,0.307,0.284
RL,DLBC,blood,B_cell_lymphoma,0.321,0.283
DEL,UNCLASSIFIED,blood,lymphoid_neoplasm_other,0.321,0.266
A3-KAW,DLBC,blood,B_cell_lymphoma,0.322,0.267
Farage,DLBC,blood,B_cell_lymphoma,0.331,0.275
KG-1,LAML,blood,acute_myeloid_leukaemia,0.332,0.285
BC-1,DLBC,blood,B_cell_lymphoma,0.336,0.282
JiyoyeP-2003,UNCLASSIFIED,blood,Burkitt_lymphoma,0.349,0.29
HL-60,LAML,blood,acute_myeloid_leukaemia,0.356,0.296
Hs-445,UNCLASSIFIED,blood,Hodgkin_lymphoma,0.356,0.299
OPM-2,MM,blood,myeloma,0.36,0.288
Raji,UNCLASSIFIED,blood,Burkitt_lymphoma,0.374,0.307
EB2,UNCLASSIFIED,blood,Burkitt_lymphoma,0.383,0.308
K052,UNCLASSIFIED,blood,acute_myeloid_leukaemia,0.385,0.298
JVM-3,CLL,blood,lymphoid_neoplasm_other,0.4,0.324
EJM,MM,blood,lymphoid_neoplasm_other,0.402,0.309
LP-1,MM,blood,myeloma,0.404,0.308
BC-3,DLBC,blood,B_cell_lymphoma,0.404,0.315
KCL-22,LCML,blood,chronic_myeloid_leukaemia,0.427,0.318
Mo-T,UNCLASSIFIED,blood,hairy_cell_leukaemia,0.432,0.336
KARPAS-422,DLBC,blood,B_cell_lymphoma,0.457,0.342
ROS-50,UNCLASSIFIED,blood,B_cell_leukemia,0.467,0.363
L-363,MM,blood,myeloma,0.478,0.339
KMOE-2,LAML,blood,acute_myeloid_leukaemia,0.484,0.343
HH,UNCLASSIFIED,blood,T_cell_leukemia,0.484,0.37
K-562,LCML,blood,chronic_myeloid_leukaemia,0.486,0.35
CTV-1,LAML,blood,acute_myeloid_leukaemia,0.496,0.34
NOMO-1,LAML,blood,acute_myeloid_leukaemia,0.518,0.37
GR-ST,ALL,blood,lymphoblastic_leukemia,0.524,0.375
LAMA-84,LCML,blood,chronic_myeloid_leukaemia,0.541,0.37
OCI-AML3,LAML,blood,acute_myeloid_leukaemia,0.542,0.359
ME-1,LAML,blood,acute_myeloid_leukaemia,0.543,0.373
MONO-MAC-6,LAML,blood,acute_myeloid_leukaemia,0.588,0.384
JURL-MK1,LCML,blood,chronic_myeloid_leukaemia,0.622,0.39
TALL-1,ALL,blood,lymphoblastic_T_cell_leukaemia,0.636,0.391
HD-MY-Z,UNCLASSIFIED,blood,Hodgkin_lymphoma,0.649,0.397
SCC-3,DLBC,blood,B_cell_lymphoma,0.657,0.384
KY821,LAML,blood,leukemia,0.725,0.408
WSU-NHL,UNCLASSIFIED,blood,lymphoid_neoplasm_other,0.748,0.414
MEG-01,LCML,blood,chronic_myeloid_leukaemia,0.757,0.418
ML-2,LAML,blood,acute_myeloid_leukaemia,0.945,0.453
EB-3,UNCLASSIFIED,blood,Burkitt_lymphoma,0.994,0.466
DG-75,UNCLASSIFIED,blood,Burkitt_lymphoma,1.07,0.476
P31-FUJ,LAML,blood,acute_myeloid_leukaemia,1.14,0.484
SU-DHL-1,UNCLASSIFIED,blood,anaplastic_large_cell_lymphoma,1.38,0.518
PL-21,LAML,blood,acute_myeloid_leukaemia,1.46,0.523
U-698-M,UNCLASSIFIED,blood,B_cell_leukemia,1.66,0.545
EM-2,LCML,blood,chronic_myeloid_leukaemia,1.67,0.543
RC-K8,DLBC,blood,B_cell_lymphoma,1.97,0.577
SK-MM-2,MM,blood,myeloma,2.08,0.579
GRANTA-519,DLBC,blood,B_cell_lymphoma,2.34,0.604
JVM-2,CLL,blood,lymphoid_neoplasm_other,3.13,0.631
WSU-DLCL2,DLBC,blood,B_cell_lymphoma,4.75,0.725
A4-Fuk,DLBC,blood,B_cell_lymphoma,6.79,0.75
HDLM-2,UNCLASSIFIED,blood,Hodgkin_lymphoma,11.2,0.819
H9,UNCLASSIFIED,blood,lymphoid_neoplasm_other,95,0.987
L-540,UNCLASSIFIED,blood,Hodgkin_lymphoma,162,0.988
KM-H2,UNCLASSIFIED,blood,Hodgkin_lymphoma,177,0.993
L-428,UNCLASSIFIED,blood,Hodgkin_lymphoma,201,0.991
ES5,UNCLASSIFIED,bone,ewings_sarcoma,0.0701,0.136
EW-18,UNCLASSIFIED,bone,ewings_sarcoma,0.102,0.16
ES7,UNCLASSIFIED,bone,ewings_sarcoma,0.115,0.166
CHSA0108,UNCLASSIFIED,bone,chondrosarcoma,0.135,0.2
SK-ES-1,UNCLASSIFIED,bone,ewings_sarcoma,0.146,0.197
CADO-ES1,UNCLASSIFIED,bone,ewings_sarcoma,0.179,0.217
ES8,UNCLASSIFIED,bone,ewings_sarcoma,0.198,0.215
U-2-OS,UNCLASSIFIED,bone,osteosarcoma,0.212,0.245
EW-1,UNCLASSIFIED,bone,ewings_sarcoma,0.233,0.236
TC-71,UNCLASSIFIED,bone,ewings_sarcoma,0.281,0.251
EW-11,UNCLASSIFIED,bone,ewings_sarcoma,0.296,0.305
ES1,UNCLASSIFIED,bone,ewings_sarcoma,0.306,0.283
EW-16,UNCLASSIFIED,bone,ewings_sarcoma,0.314,0.293
NOS-1,UNCLASSIFIED,bone,osteosarcoma,0.326,0.312
MHH-ES-1,UNCLASSIFIED,bone,ewings_sarcoma,0.334,0.296
EW-7,UNCLASSIFIED,bone,ewings_sarcoma,0.361,0.296
EW-3,UNCLASSIFIED,bone,ewings_sarcoma,0.411,0.338
ES3,UNCLASSIFIED,bone,ewings_sarcoma,0.46,0.348
RD-ES,UNCLASSIFIED,bone,ewings_sarcoma,0.489,0.349
SK-PN-DW,UNCLASSIFIED,bone,ewings_sarcoma,0.521,0.365
EW7476,UNCLASSIFIED,bone,osteosarcoma,0.526,0.364
CS1,UNCLASSIFIED,bone,bone_other,1.37,0.513
ES6,UNCLASSIFIED,bone,ewings_sarcoma,1.39,0.515
EW-13,UNCLASSIFIED,bone,ewings_sarcoma,1.48,0.526
SJSA-1,UNCLASSIFIED,bone,bone_other,1.69,0.546
ES4,UNCLASSIFIED,bone,ewings_sarcoma,3.86,0.664
HuO9,UNCLASSIFIED,bone,osteosarcoma,4,0.672
EW-24,UNCLASSIFIED,bone,ewings_sarcoma,5.1,0.729
HuO-3N1,UNCLASSIFIED,bone,osteosarcoma,6.49,0.719
H-EMC-SS,UNCLASSIFIED,bone,chondrosarcoma,9.2,0.762
CAL-78,UNCLASSIFIED,bone,chondrosarcoma,15.6,0.831
CAL-72,UNCLASSIFIED,bone,osteosarcoma,16.1,0.831
Sarc9371,UNCLASSIFIED,bone,bone_other,18.6,0.805
CHSA8926,UNCLASSIFIED,bone,chondrosarcoma,21.2,0.83
CHSA0011,UNCLASSIFIED,bone,chondrosarcoma,25.6,0.848
G-292-Clone-A141B1,UNCLASSIFIED,bone,osteosarcoma,35.2,0.854
NY,UNCLASSIFIED,bone,osteosarcoma,57.7,0.948
HOS,UNCLASSIFIED,bone,osteosarcoma,155,0.992
MG-63,UNCLASSIFIED,bone,osteosarcoma,413,0.984
Saos-2,UNCLASSIFIED,bone,osteosarcoma,793,0.981
MDA-MB-453,BRCA,breast,breast,0.0726,0.134
HCC1599,BRCA,breast,breast,0.295,0.293
CAL-148,BRCA,breast,breast,0.303,0.274
EVSA-T,BRCA,breast,breast,0.316,0.273
DU-4475,BRCA,breast,breast,0.323,0.271
T47D,BRCA,breast,breast,0.325,0.331
OCUB-M,BRCA,breast,breast,0.341,0.286
HCC202,BRCA,breast,breast,0.343,0.33
HCC70,BRCA,breast,breast,0.502,0.356
AU565,BRCA,breast,breast,0.565,0.381
MDA-MB-361,BRCA,breast,breast,0.643,0.395
HDQ-P1,BRCA,breast,breast,0.685,0.412
HCC1428,BRCA,breast,breast,0.687,0.409
HCC1500,BRCA,breast,breast,0.834,0.437
MDA-MB-330,BRCA,breast,breast,0.858,0.444
HCC38,BRCA,breast,breast,0.907,0.451
MFM-223,BRCA,breast,breast,0.993,0.463
HCC1806,UNCLASSIFIED,breast,breast,1.01,0.465
CAMA-1,BRCA,breast,breast,1.11,0.482
EFM-19,BRCA,breast,breast,1.16,0.491
COLO-824,BRCA,breast,breast,1.26,0.502
HCC1937,BRCA,breast,breast,1.44,0.521
CAL-120,BRCA,breast,breast,1.58,0.533
HCC1569,BRCA,breast,breast,1.6,0.535
MDA-MB-157,BRCA,breast,breast,1.69,0.547
UACC-812,BRCA,breast,breast,1.83,0.561
HCC1143,BRCA,breast,breast,1.95,0.56
MDA-MB-134-VI,UNCLASSIFIED,breast,breast,2.11,0.58
HCC2157,BRCA,breast,breast,2.12,0.582
EFM-192A,BRCA,breast,breast,2.42,0.599
JIMT-1,BRCA,breast,breast,3.1,0.637
HCC1954,BRCA,breast,breast,3.32,0.642
CAL-85-1,BRCA,breast,breast,3.38,0.639
BT-474,BRCA,breast,breast,3.46,0.651
HCC1419,BRCA,breast,breast,3.54,0.637
BT-20,BRCA,breast,breast,3.56,0.648
MDA-MB-175-VII,BRCA,breast,breast,3.56,0.656
MRK-nu-1,BRCA,breast,breast,3.66,0.674
UACC-893,BRCA,breast,breast,4.37,0.669
YMB-1-E,BRCA,breast,breast,4.85,0.681
HCC2218,BRCA,breast,breast,5.9,0.712
MDA-MB-436,BRCA,breast,breast,6.07,0.715
Hs-578-T,BRCA,breast,breast,6.1,0.733
MDA-MB-468,BRCA,breast,breast,7.18,0.767
HCC1187,BRCA,breast,breast,7.64,0.777
HCC1395,BRCA,breast,breast,11.8,0.796
CAL-51,BRCA,breast,breast,23,0.913
MCF7,BRCA,breast,breast,28.9,0.9
MDA-MB-415,BRCA,breast,breast,30.4,0.867
BT-483,BRCA,breast,breast,314,0.936
JHH-1,LIHC,digestive_system,liver,0.0457,0.0948
RF-48,STAD,digestive_system,stomach,0.125,0.187
LS-411N,COREAD,digestive_system,large_intestine,0.138,0.209
OUMS-23,UNCLASSIFIED,digestive_system,large_intestine,0.181,0.221
HCC-56,COREAD,digestive_system,large_intestine,0.235,0.251
HCT-116,COREAD,digestive_system,large_intestine,0.25,0.25
SNU-387,LIHC,digestive_system,liver,0.251,0.271
SNU-61,COREAD,digestive_system,large_intestine,0.259,0.29
SNU-175,COREAD,digestive_system,large_intestine,0.293,0.271
SW837,COREAD,digestive_system,large_intestine,0.293,0.305
HuTu-80,UNCLASSIFIED,digestive_system,digestive_system_other,0.309,0.265
JHH-4,LIHC,digestive_system,liver,0.317,0.289
SNU-423,LIHC,digestive_system,liver,0.339,0.313
Hs746T,STAD,digestive_system,stomach,0.408,0.348
CCK-81,COREAD,digestive_system,large_intestine,0.452,0.337
HLE,LIHC,digestive_system,liver,0.474,0.344
SNU-C2B,COREAD,digestive_system,large_intestine,0.488,0.37
RKO,COREAD,digestive_system,large_intestine,0.496,0.35
SNU-475,LIHC,digestive_system,liver,0.525,0.356
SW620,COREAD,digestive_system,large_intestine,0.534,0.359
SNU-182,LIHC,digestive_system,liver,0.534,0.369
GCIY,STAD,digestive_system,stomach,0.547,0.377
HT-29,COREAD,digestive_system,large_intestine,0.56,0.374
LS-1034,COREAD,digestive_system,large_intestine,0.649,0.401
AGS,STAD,digestive_system,stomach,0.665,0.395
ETK-1,UNCLASSIFIED,digestive_system,biliary_tract,0.666,0.406
23132-87,STAD,digestive_system,stomach,0.675,0.404
COLO-320-HSR,COREAD,digestive_system,large_intestine,0.678,0.397
NCI-SNU-1,STAD,digestive_system,stomach,0.698,0.409
SNU-398,LIHC,digestive_system,liver,0.699,0.41
JHH-2,LIHC,digestive_system,liver,0.712,0.414
GP5d,COREAD,digestive_system,large_intestine,0.787,0.423
Hep3B2-1-7,LIHC,digestive_system,liver,0.805,0.43
HT-115,COREAD,digestive_system,large_intestine,0.823,0.431
SW48,COREAD,digestive_system,large_intestine,0.848,0.438
NUGC-4,STAD,digestive_system,stomach,0.851,0.439
HGC-27,STAD,digestive_system,stomach,0.858,0.436
HuH-7,LIHC,digestive_system,liver,0.899,0.448
SNU-407,COREAD,digestive_system,large_intestine,0.903,0.452
SW948,COREAD,digestive_system,large_intestine,0.923,0.46
C2BBe1,COREAD,digestive_system,large_intestine,0.925,0.455
KM12,COREAD,digestive_system,large_intestine,0.931,0.455
LS-123,COREAD,digestive_system,large_intestine,0.95,0.462
COLO-205,COREAD,digestive_system,large_intestine,0.986,0.462
HuCCT1,UNCLASSIFIED,digestive_system,biliary_tract,1.01,0.467
TGBC24TKB,UNCLASSIFIED,digestive_system,biliary_tract,1.03,0.468
CW-2,COREAD,digestive_system,large_intestine,1.04,0.471
TGBC11TKB,STAD,digestive_system,stomach,1.05,0.47
SK-CO-1,COREAD,digestive_system,large_intestine,1.1,0.478
IM-95,STAD,digestive_system,stomach,1.14,0.485
NCI-H630,COREAD,digestive_system,large_intestine,1.15,0.487
SNU-C5,COREAD,digestive_system,large_intestine,1.2,0.494
NCI-H747,COREAD,digestive_system,large_intestine,1.21,0.495
RCM-1,COREAD,digestive_system,large_intestine,1.25,0.5
TGBC1TKB,UNCLASSIFIED,digestive_system,biliary_tract,1.34,0.511
FU97,STAD,digestive_system,stomach,1.43,0.521
SW1417,COREAD,digestive_system,large_intestine,1.43,0.52
T84,COREAD,digestive_system,large_intestine,1.45,0.523
CaR-1,COREAD,digestive_system,large_intestine,1.53,0.527
MKN1,UNCLASSIFIED,digestive_system,stomach,1.54,0.533
HT55,COREAD,digestive_system,large_intestine,1.63,0.542
COLO-741,UNCLASSIFIED,digestive_system,large_intestine,1.65,0.544
SW1116,COREAD,digestive_system,large_intestine,1.82,0.551
LS-513,COREAD,digestive_system,large_intestine,1.84,0.56
JHH-7,LIHC,digestive_system,liver,1.87,0.566
JHH-6,LIHC,digestive_system,liver,1.89,0.565
LoVo,COREAD,digestive_system,large_intestine,1.92,0.567
SNU-C1,COREAD,digestive_system,large_intestine,2.06,0.566
ECC4,UNCLASSIFIED,digestive_system,digestive_system_other,2.07,0.565
HCC2998,COREAD,digestive_system,large_intestine,2.15,0.587
ECC10,UNCLASSIFIED,digestive_system,stomach,2.17,0.586
HCT-15,COREAD,digestive_system,large_intestine,2.18,0.586
NCI-H716,COREAD,digestive_system,large_intestine,2.3,0.587
NUGC-3,STAD,digestive_system,stomach,2.36,0.595
SK-HEP-1,LIHC,digestive_system,liver,3.07,0.646
MKN28,STAD,digestive_system,stomach,3.27,0.649
CL-11,COREAD,digestive_system,large_intestine,3.91,0.667
EGI-1,UNCLASSIFIED,digestive_system,biliary_tract,5.24,0.694
C3A,LIHC,digestive_system,liver,5.5,0.721
COLO-678,COREAD,digestive_system,large_intestine,5.86,0.708
NCI-SNU-16,STAD,digestive_system,stomach,5.99,0.752
SW1463,COREAD,digestive_system,large_intestine,6.76,0.696
NCI-SNU-5,STAD,digestive_system,stomach,6.76,0.752
PLC-PRF-5,UNCLASSIFIED,digestive_system,liver,7.27,0.761
SNU-449,LIHC,digestive_system,liver,7.64,0.759
RERF-GC-1B,STAD,digestive_system,stomach,8.24,0.766
SNU-1040,COREAD,digestive_system,large_intestine,9.16,0.757
TMK-1,STAD,digestive_system,stomach,10.6,0.801
MKN45,STAD,digestive_system,stomach,26.7,0.866
SCH,UNCLASSIFIED,digestive_system,stomach,148,0.97
OCUM-1,STAD,digestive_system,stomach,193,0.974
huH-1,LIHC,digestive_system,liver,287,0.974
SNU-81,COREAD,digestive_system,large_intestine,483,0.977
RCC-AB,KIRC,kidney,kidney,0.178,0.245
SK-NEP-1,UNCLASSIFIED,kidney,kidney,0.198,0.218
RCC-MF,KIRC,kidney,kidney,0.326,0.317
RCC-JF,KIRC,kidney,kidney,0.393,0.33
RXF393,KIRC,kidney,kidney,0.45,0.363
NCC021,KIRC,kidney,kidney,0.459,0.355
769-P,KIRC,kidney,kidney,0.46,0.35
LB1047-RCC,KIRC,kidney,kidney,0.489,0.361
CAKI-1,KIRC,kidney,kidney,0.669,0.418
786-0,KIRC,kidney,kidney,0.676,0.399
VMRC-RCZ,KIRC,kidney,kidney,0.834,0.44
BB65-RCC,KIRC,kidney,kidney,0.843,0.442
RCC-JW,KIRC,kidney,kidney,0.916,0.451
G-401,UNCLASSIFIED,kidney,kidney,0.958,0.459
KMRC-1,KIRC,kidney,kidney,1.01,0.468
RCC-FG2,KIRC,kidney,kidney,1.05,0.475
ACHN,KIRC,kidney,kidney,1.66,0.542
OS-RC-2,KIRC,kidney,kidney,1.79,0.548
U031,KIRC,kidney,kidney,2.17,0.586
SN12C,KIRC,kidney,kidney,2.35,0.594
VMRC-RCW,KIRC,kidney,kidney,2.46,0.611
CAL-54,KIRC,kidney,kidney,2.86,0.622
BFTC-909,KIRC,kidney,kidney,3.01,0.639
LB2241-RCC,KIRC,kidney,kidney,3.06,0.633
KMRC-20,KIRC,kidney,kidney,4.38,0.692
LB996-RCC,KIRC,kidney,kidney,5.55,0.711
SW156,KIRC,kidney,kidney,8.08,0.764
SW13,ACC,kidney,adrenal_gland,32.7,0.912
RCC-ER,KIRC,kidney,kidney,37.4,0.906
TK10,KIRC,kidney,kidney,137,0.958
RCC10RGB,KIRC,kidney,kidney,196,0.916
A498,KIRC,kidney,kidney,230,0.952
HA7-RCC,KIRC,kidney,kidney,327,0.984
H2731,MESO,lung,mesothelioma,0.0365,0.0879
COR-L303,SCLC,lung,lung_small_cell_carcinoma,0.0624,0.0991
NCI-H2227,SCLC,lung,lung_small_cell_carcinoma,0.0729,0.137
LU-135,SCLC,lung,lung_small_cell_carcinoma,0.0975,0.112
NCI-H211,SCLC,lung,lung_small_cell_carcinoma,0.0989,0.142
NCI-H847,SCLC,lung,lung_small_cell_carcinoma,0.102,0.111
IST-SL1,SCLC,lung,lung_small_cell_carcinoma,0.102,0.153
COR-L321,UNCLASSIFIED,lung,lung_other,0.105,0.152
SBC-3,SCLC,lung,lung_small_cell_carcinoma,0.133,0.163
NCI-H865,UNCLASSIFIED,lung,lung_small_cell_carcinoma,0.138,0.219
NCI-H810,UNCLASSIFIED,lung,lung_NSCLC_large_cell,0.144,0.181
MPP-89,MESO,lung,mesothelioma,0.145,0.222
NCI-H1755,LUAD,lung,lung_NSCLC_adenocarcinoma,0.147,0.209
LC-2-ad,LUAD,lung,lung_NSCLC_adenocarcinoma,0.155,0.199
MS-1,SCLC,lung,lung_small_cell_carcinoma,0.176,0.195
NCI-H1184,UNCLASSIFIED,lung,lung_small_cell_carcinoma,0.181,0.211
NCI-H1417,SCLC,lung,lung_small_cell_carcinoma,0.181,0.236
DMS-273,SCLC,lung,lung_small_cell_carcinoma,0.198,0.233
HCC-33,SCLC,lung,lung_small_cell_carcinoma,0.206,0.232
NCI-H748,SCLC,lung,lung_small_cell_carcinoma,0.208,0.26
UMC-11,UNCLASSIFIED,lung,lung_NSCLC_carcinoid,0.218,0.223
NCI-H292,UNCLASSIFIED,lung,lung_NSCLC_adenocarcinoma,0.236,0.27
NCI-H510A,SCLC,lung,lung_small_cell_carcinoma,0.247,0.244
NCI-H196,SCLC,lung,lung_small_cell_carcinoma,0.252,0.263
NCI-H2135,UNCLASSIFIED,lung,lung_NSCLC_not_specified,0.259,0.258
SBC-1,SCLC,lung,lung_small_cell_carcinoma,0.269,0.263
NCI-H446,SCLC,lung,lung_small_cell_carcinoma,0.273,0.276
EPLC-272H,LUSC,lung,lung_NSCLC_squamous_cell_carcinoma,0.279,0.284
NCI-H1694,SCLC,lung,lung_small_cell_carcinoma,0.323,0.292
NCI-H526,SCLC,lung,lung_small_cell_carcinoma,0.325,0.288
NCI-H64,SCLC,lung,lung_small_cell_carcinoma,0.33,0.264
NCI-H1688,SCLC,lung,lung_small_cell_carcinoma,0.335,0.307
HCC-44,LUAD,lung,lung_NSCLC_adenocarcinoma,0.349,0.301
NCI-H1915,UNCLASSIFIED,lung,lung_NSCLC_large_cell,0.359,0.309
NCI-H1581,UNCLASSIFIED,lung,lung_NSCLC_large_cell,0.371,0.304
NCI-H522,LUAD,lung,lung_NSCLC_adenocarcinoma,0.373,0.327
NCI-H358,LUAD,lung,lung_NSCLC_adenocarcinoma,0.38,0.324
NCI-H220,UNCLASSIFIED,lung,lung_small_cell_carcinoma,0.381,0.323
NCI-H2196,SCLC,lung,lung_small_cell_carcinoma,0.383,0.321
NCI-H226,LUSC,lung,lung_NSCLC_squamous_cell_carcinoma,0.387,0.323
LK-2,LUSC,lung,lung_NSCLC_squamous_cell_carcinoma,0.388,0.314
HCC-78,LUAD,lung,lung_NSCLC_adenocarcinoma,0.401,0.336
LU-134-A,SCLC,lung,lung_small_cell_carcinoma,0.403,0.329
NCI-H1648,LUAD,lung,lung_NSCLC_adenocarcinoma,0.405,0.33
DMS-153,UNCLASSIFIED,lung,lung_small_cell_carcinoma,0.412,0.357
Calu-6,LUAD,lung,lung_NSCLC_adenocarcinoma,0.416,0.34
PC-14,LUAD,lung,lung_NSCLC_adenocarcinoma,0.427,0.324
NCI-H1522,UNCLASSIFIED,lung,lung_small_cell_carcinoma,0.432,0.323
NCI-H187,SCLC,lung,lung_small_cell_carcinoma,0.433,0.341
LU-139,SCLC,lung,lung_small_cell_carcinoma,0.461,0.361
NCI-H2171,SCLC,lung,lung_small_cell_carcinoma,0.467,0.335
SCLC-21H,UNCLASSIFIED,lung,lung_small_cell_carcinoma,0.473,0.353
NCI-H1836,SCLC,lung,lung_small_cell_carcinoma,0.475,0.355
NCI-H1944,LUAD,lung,lung_NSCLC_adenocarcinoma,0.486,0.356
NCI-H661,UNCLASSIFIED,lung,lung_NSCLC_large_cell,0.509,0.371
SBC-5,SCLC,lung,lung_small_cell_carcinoma,0.516,0.348
NCI-H2110,UNCLASSIFIED,lung,lung_NSCLC_not_specified,0.52,0.364
NCI-H3122,LUAD,lung,lung_NSCLC_adenocarcinoma,0.523,0.365
NCI-H1092,SCLC,lung,lung_small_cell_carcinoma,0.537,0.368
SHP-77,SCLC,lung,lung_small_cell_carcinoma,0.54,0.361
SK-MES-1,LUSC,lung,lung_NSCLC_squamous_cell_carcinoma,0.557,0.378
NCI-H345,SCLC,lung,lung_small_cell_carcinoma,0.563,0.378
LU-165,SCLC,lung,lung_small_cell_carcinoma,0.565,0.382
HOP-62,LUAD,lung,lung_NSCLC_adenocarcinoma,0.57,0.376
CPC-N,SCLC,lung,lung_small_cell_carcinoma,0.578,0.383
COR-L88,SCLC,lung,lung_small_cell_carcinoma,0.583,0.389
NCI-H1155,UNCLASSIFIED,lung,lung_NSCLC_large_cell,0.597,0.373
COR-L23,UNCLASSIFIED,lung,lung_NSCLC_large_cell,0.601,0.383
NCI-H1975,LUAD,lung,lung_NSCLC_adenocarcinoma,0.614,0.395
LCLC-97TM1,UNCLASSIFIED,lung,lung_NSCLC_large_cell,0.635,0.398
NCI-H1876,SCLC,lung,lung_small_cell_carcinoma,0.658,0.399
Calu-1,UNCLASSIFIED,lung,lung_NSCLC_adenocarcinoma,0.671,0.407
EMC-BAC-2,LUAD,lung,lung_NSCLC_adenocarcinoma,0.672,0.41
COR-L95,SCLC,lung,lung_small_cell_carcinoma,0.704,0.416
NCI-H520,LUSC,lung,lung_NSCLC_squamous_cell_carcinoma,0.724,0.415
COR-L279,SCLC,lung,lung_small_cell_carcinoma,0.73,0.41
COR-L105,LUAD,lung,lung_NSCLC_adenocarcinoma,0.744,0.425
NCI-H1623,LUAD,lung,lung_NSCLC_adenocarcinoma,0.785,0.433
NCI-H1926,UNCLASSIFIED,lung,lung_small_cell_carcinoma,0.79,0.433
NCI-H1734,LUAD,lung,lung_NSCLC_adenocarcinoma,0.833,0.438
LC-1-sq,LUSC,lung,lung_NSCLC_squamous_cell_carcinoma,0.9,0.452
SW1271,SCLC,lung,lung_small_cell_carcinoma,0.906,0.452
H2595,MESO,lung,mesothelioma,0.909,0.457
RERF-LC-MS,LUAD,lung,lung_NSCLC_adenocarcinoma,0.934,0.454
H2803,MESO,lung,mesothelioma,0.948,0.459
NCI-H2444,UNCLASSIFIED,lung,lung_NSCLC_not_specified,0.963,0.461
LCLC-103H,UNCLASSIFIED,lung,lung_NSCLC_large_cell,0.965,0.457
H2722,MESO,lung,mesothelioma,0.965,0.462
LXF-289,LUAD,lung,lung_NSCLC_adenocarcinoma,0.967,0.459
NCI-H596,UNCLASSIFIED,lung,lung_NSCLC_adenocarcinoma,0.988,0.467
NCI-H23,LUAD,lung,lung_NSCLC_adenocarcinoma,0.997,0.464
DMS-79,SCLC,lung,lung_small_cell_carcinoma,1.01,0.468
NCI-H1770,UNCLASSIFIED,lung,lung_NSCLC_not_specified,1.04,0.469
H2373,MESO,lung,mesothelioma,1.06,0.477
NCI-H838,LUAD,lung,lung_NSCLC_adenocarcinoma,1.06,0.475
NCI-H2087,LUAD,lung,lung_NSCLC_adenocarcinoma,1.11,0.481
NCI-H647,UNCLASSIFIED,lung,lung_NSCLC_not_specified,1.11,0.482
NCI-H1666,LUAD,lung,lung_NSCLC_adenocarcinoma,1.13,0.484
NCI-H2029,SCLC,lung,lung_small_cell_carcinoma,1.15,0.486
LC-1F,UNCLASSIFIED,lung,lung_NSCLC_squamous_cell_carcinoma,1.16,0.489
NCI-H1436,SCLC,lung,lung_small_cell_carcinoma,1.18,0.491
CAL-12T,UNCLASSIFIED,lung,lung_NSCLC_not_specified,1.19,0.493
HCC-827,LUAD,lung,lung_NSCLC_adenocarcinoma,1.21,0.495
IST-MES1,MESO,lung,mesothelioma,1.21,0.495
NCI-H650,LUAD,lung,lung_NSCLC_adenocarcinoma,1.22,0.497
COLO-668,SCLC,lung,lung_small_cell_carcinoma,1.24,0.499
LOU-NH91,LUSC,lung,lung_NSCLC_squamous_cell_carcinoma,1.26,0.501
LU-65,UNCLASSIFIED,lung,lung_NSCLC_large_cell,1.26,0.501
NCI-H1385,UNCLASSIFIED,lung,lung_NSCLC_squamous_cell_carcinoma,1.27,0.503
HARA,LUSC,lung,lung_NSCLC_squamous_cell_carcinoma,1.27,0.503
NCI-H2347,LUAD,lung,lung_NSCLC_adenocarcinoma,1.29,0.504
NCI-H1048,SCLC,lung,lung_small_cell_carcinoma,1.29,0.505
ABC-1,LUAD,lung,lung_NSCLC_adenocarcinoma,1.32,0.508
NCI-H1651,LUAD,lung,lung_NSCLC_adenocarcinoma,1.32,0.508
H2804,MESO,lung,mesothelioma,1.39,0.516
H2869,MESO,lung,mesothelioma,1.47,0.523
NCI-H2030,LUAD,lung,lung_NSCLC_adenocarcinoma,1.49,0.526
SW900,LUSC,lung,lung_NSCLC_squamous_cell_carcinoma,1.58,0.535
NCI-H2286,UNCLASSIFIED,lung,lung_small_cell_carcinoma,1.69,0.548
NCI-H322M,LUAD,lung,lung_NSCLC_adenocarcinoma,1.74,0.548
NCI-H1573,LUAD,lung,lung_NSCLC_adenocarcinoma,1.85,0.563
NCI-H1437,LUAD,lung,lung_NSCLC_adenocarcinoma,1.92,0.567
NCI-H2141,SCLC,lung,lung_small_cell_carcinoma,2,0.576
NCI-H841,SCLC,lung,lung_small_cell_carcinoma,2.03,0.577
PC-3_[JPC-3],LUAD,lung,lung_NSCLC_adenocarcinoma,2.05,0.569
EMC-BAC-1,LUAD,lung,lung_NSCLC_adenocarcinoma,2.07,0.575
H2795,MESO,lung,mesothelioma,2.12,0.584
RERF-LC-Sq1,LUSC,lung,lung_NSCLC_squamous_cell_carcinoma,2.16,0.572
BEN,UNCLASSIFIED,lung,lung_NSCLC_not_specified,2.17,0.582
H2596,UNCLASSIFIED,lung,mesothelioma,2.31,0.603
SK-LU-1,LUAD,lung,lung_NSCLC_adenocarcinoma,2.33,0.588
NCI-H1395,LUAD,lung,lung_NSCLC_adenocarcinoma,2.37,0.588
MSTO-211H,MESO,lung,mesothelioma,2.47,0.613
DV-90,UNCLASSIFIED,lung,lung_NSCLC_adenocarcinoma,2.48,0.608
H2369,MESO,lung,mesothelioma,2.48,0.606
NCI-H2172,UNCLASSIFIED,lung,lung_NSCLC_not_specified,2.49,0.594
NCI-H1693,LUAD,lung,lung_NSCLC_adenocarcinoma,2.72,0.597
LU-99A,UNCLASSIFIED,lung,lung_NSCLC_large_cell,2.78,0.626
ChaGo-K-1,UNCLASSIFIED,lung,lung_NSCLC_not_specified,3,0.628
NCI-H1869,LUSC,lung,lung_NSCLC_squamous_cell_carcinoma,3.11,0.635
EBC-1,LUSC,lung,lung_NSCLC_squamous_cell_carcinoma,3.23,0.64
NCI-H2085,LUAD,lung,lung_NSCLC_adenocarcinoma,3.3,0.646
SW1573,LUAD,lung,lung_NSCLC_adenocarcinoma,3.37,0.635
H2461,MESO,lung,mesothelioma,3.38,0.64
NCI-H1792,LUAD,lung,lung_NSCLC_adenocarcinoma,3.49,0.668
NCI-H2405,LUAD,lung,lung_NSCLC_adenocarcinoma,3.84,0.666
NCI-H2170,LUSC,lung,lung_NSCLC_squamous_cell_carcinoma,3.89,0.673
DMS-114,SCLC,lung,lung_small_cell_carcinoma,4,0.669
NCI-H1781,LUAD,lung,lung_NSCLC_adenocarcinoma,4.2,0.687
NCI-H1563,LUAD,lung,lung_NSCLC_adenocarcinoma,4.21,0.673
H3255,LUAD,lung,lung_NSCLC_adenocarcinoma,4.27,0.675
HOP-92,UNCLASSIFIED,lung,lung_NSCLC_large_cell,4.86,0.695
NCI-H2023,LUAD,lung,lung_NSCLC_adenocarcinoma,5.25,0.698
201T,LUAD,lung,lung_NSCLC_adenocarcinoma,5.29,0.699
Calu-3,LUAD,lung,lung_NSCLC_adenocarcinoma,5.32,0.699
H2591,MESO,lung,mesothelioma,5.4,0.697
NCI-H1993,LUAD,lung,lung_NSCLC_adenocarcinoma,5.83,0.705
IA-LM,UNCLASSIFIED,lung,lung_NSCLC_large_cell,6.05,0.726
NCI-H2122,LUAD,lung,lung_NSCLC_adenocarcinoma,6.07,0.747
NCI-H727,UNCLASSIFIED,lung,lung_NSCLC_carcinoid,6.72,0.7
NCI-H1304,SCLC,lung,lung_small_cell_carcinoma,6.76,0.745
A427,UNCLASSIFIED,lung,lung_NSCLC_not_specified,7.01,0.757
NCI-H2228,LUAD,lung,lung_NSCLC_adenocarcinoma,7.57,0.722
NCI-H1299,UNCLASSIFIED,lung,lung_NSCLC_large_cell,9.1,0.766
H2818,MESO,lung,mesothelioma,9.11,0.788
NCI-H441,LUAD,lung,lung_NSCLC_adenocarcinoma,10.1,0.76
LB647-SCLC,SCLC,lung,lung_small_cell_carcinoma,11.2,0.8
RERF-LC-KJ,LUAD,lung,lung_NSCLC_adenocarcinoma,11.8,0.818
DMS-53,SCLC,lung,lung_small_cell_carcinoma,12.1,0.813
NCI-H1793,LUAD,lung,lung_NSCLC_adenocarcinoma,12.1,0.78
HCC-15,LUSC,lung,lung_NSCLC_squamous_cell_carcinoma,12.7,0.797
NCI-H1703,UNCLASSIFIED,lung,lung_NSCLC_adenocarcinoma,14.3,0.816
NCI-H2342,LUAD,lung,lung_NSCLC_adenocarcinoma,20.3,0.862
NCI-H460,UNCLASSIFIED,lung,lung_NSCLC_large_cell,20.6,0.895
EKVX,LUAD,lung,lung_NSCLC_adenocarcinoma,23.2,0.779
NCI-H524,SCLC,lung,lung_small_cell_carcinoma,24.5,0.912
NCI-H28,MESO,lung,mesothelioma,28.3,0.864
NCI-H1838,LUAD,lung,lung_NSCLC_adenocarcinoma,31.3,0.883
NCI-H2126,UNCLASSIFIED,lung,lung_NSCLC_adenocarcinoma,33.1,0.879
NCI-H1963,SCLC,lung,lung_small_cell_carcinoma,33.6,0.939
NCI-H2052,MESO,lung,mesothelioma,36.2,0.886
NCI-H720,UNCLASSIFIED,lung,lung_NSCLC_carcinoid,40.3,0.941
NCI-H2009,LUAD,lung,lung_NSCLC_adenocarcinoma,41.6,0.922
NCI-H2452,MESO,lung,mesothelioma,90.5,0.944
NCI-H1355,LUAD,lung,lung_NSCLC_adenocarcinoma,91.7,0.923
H513,MESO,lung,mesothelioma,132,0.955
NCI-H1435,LUAD,lung,lung_NSCLC_adenocarcinoma,244,0.993
NCI-H209,SCLC,lung,lung_small_cell_carcinoma,266,0.983
IST-SL2,SCLC,lung,lung_small_cell_carcinoma,269,0.988
NCI-H2291,LUAD,lung,lung_NSCLC_adenocarcinoma,452,0.974
NCI-H1568,LUAD,lung,lung_NSCLC_adenocarcinoma,475,0.982
NB12,NB,nervous_system,neuroblastoma,0.0531,0.135
CHP-212,NB,nervous_system,neuroblastoma,0.0955,0.13
Daoy,MB,nervous_system,medulloblastoma,0.112,0.143
NB13,NB,nervous_system,neuroblastoma,0.127,0.153
MHH-NB-11,NB,nervous_system,neuroblastoma,0.16,0.212
NH-12,NB,nervous_system,neuroblastoma,0.183,0.231
TGW,NB,nervous_system,neuroblastoma,0.195,0.203
GB-1,GBM,nervous_system,glioma,0.202,0.248
SK-N-AS,NB,nervous_system,neuroblastoma,0.232,0.263
U251,GBM,nervous_system,glioma,0.235,0.242
GAMG,LGG,nervous_system,glioma,0.251,0.262
KELLY,NB,nervous_system,neuroblastoma,0.253,0.247
CHP-134,NB,nervous_system,neuroblastoma,0.272,0.292
SF268,GBM,nervous_system,glioma,0.275,0.278
GI-1,LGG,nervous_system,glioma,0.278,0.266
NBsusSR,UNCLASSIFIED,nervous_system,neuroblastoma,0.297,0.269
GI-ME-N,NB,nervous_system,neuroblastoma,0.313,0.316
NB(TU)1-10,NB,nervous_system,neuroblastoma,0.334,0.282
SK-N-SH,NB,nervous_system,neuroblastoma,0.362,0.308
MOG-G-UVW,LGG,nervous_system,glioma,0.379,0.313
MOG-G-CCM,LGG,nervous_system,glioma,0.434,0.347
MC-IXC,NB,nervous_system,neuroblastoma,0.441,0.314
AM-38,GBM,nervous_system,glioma,0.447,0.341
KP-N-YS,NB,nervous_system,neuroblastoma,0.46,0.353
NB69,NB,nervous_system,neuroblastoma,0.483,0.343
NB7,NB,nervous_system,neuroblastoma,0.514,0.364
D-566MG,GBM,nervous_system,glioma,0.538,0.367
D-423MG,GBM,nervous_system,glioma,0.555,0.384
KINGS-1,LGG,nervous_system,glioma,0.591,0.398
D-542MG,GBM,nervous_system,glioma,0.615,0.398
KP-N-YN,NB,nervous_system,neuroblastoma,0.631,0.397
SF126,GBM,nervous_system,glioma,0.727,0.416
D-247MG,GBM,nervous_system,glioma,0.827,0.444
8-MG-BA,GBM,nervous_system,glioma,0.878,0.442
M059J,GBM,nervous_system,glioma,0.894,0.449
SK-N-FI,NB,nervous_system,neuroblastoma,0.901,0.448
SK-MG-1,GBM,nervous_system,glioma,0.962,0.459
SF295,GBM,nervous_system,glioma,0.962,0.46
NB10,NB,nervous_system,neuroblastoma,0.967,0.459
KNS-81-FD,LGG,nervous_system,glioma,0.99,0.468
IMR-5,NB,nervous_system,neuroblastoma,1.01,0.463
A172,GBM,nervous_system,glioma,1.11,0.481
ACN,UNCLASSIFIED,nervous_system,neuroblastoma,1.11,0.482
BE2-M17,NB,nervous_system,neuroblastoma,1.22,0.496
KS-1,GBM,nervous_system,glioma,1.23,0.498
GOTO,NB,nervous_system,neuroblastoma,1.33,0.509
SW1783,LGG,nervous_system,glioma,1.4,0.519
42-MG-BA,GBM,nervous_system,glioma,1.45,0.523
NMC-G1,LGG,nervous_system,glioma,1.48,0.524
D-502MG,LGG,nervous_system,glioma,1.62,0.533
LN-405,GBM,nervous_system,glioma,1.72,0.546
LN-229,GBM,nervous_system,glioma,1.78,0.557
YH-13,GBM,nervous_system,glioma,1.92,0.566
SIMA,NB,nervous_system,neuroblastoma,1.94,0.566
CAS-1,GBM,nervous_system,glioma,1.97,0.562
KNS-42,LGG,nervous_system,glioma,1.99,0.568
SNB75,GBM,nervous_system,glioma,2.03,0.564
KALS-1,LGG,nervous_system,glioma,2.05,0.567
no-10,LGG,nervous_system,glioma,2.1,0.575
SK-N-DZ,NB,nervous_system,neuroblastoma,2.17,0.588
LN-18,GBM,nervous_system,glioma,2.43,0.616
DBTRG-05MG,GBM,nervous_system,glioma,2.56,0.605
KG-1-C,UNCLASSIFIED,nervous_system,glioma,2.6,0.62
D-263MG,GBM,nervous_system,glioma,2.69,0.61
DK-MG,GBM,nervous_system,glioma,2.96,0.612
D-392MG,GBM,nervous_system,glioma,3.11,0.623
U-118-MG,GBM,nervous_system,glioma,3.29,0.641
PFSK-1,MB,nervous_system,medulloblastoma,4,0.675
NB5,NB,nervous_system,neuroblastoma,4.16,0.685
SF539,LGG,nervous_system,glioma,4.23,0.699
CHP-126,NB,nervous_system,neuroblastoma,4.32,0.689
U-87-MG,GBM,nervous_system,glioma,5.45,0.708
T98G,GBM,nervous_system,glioma,5.68,0.739
YKG-1,GBM,nervous_system,glioma,6.81,0.753
LAN-6,NB,nervous_system,neuroblastoma,8.47,0.761
GMS-10,GBM,nervous_system,glioma,8.6,0.786
no-11,LGG,nervous_system,glioma,8.78,0.76
SW1088,GBM,nervous_system,glioma,10.9,0.779
NB1,NB,nervous_system,neuroblastoma,12.5,0.815
Hs-683,LGG,nervous_system,glioma,15.9,0.852
NB17,NB,nervous_system,neuroblastoma,16.1,0.835
D-336MG,LGG,nervous_system,glioma,46.8,0.902
D-283MED,MB,nervous_system,medulloblastoma,105,0.978
CCF-STTG1,GBM,nervous_system,glioma,314,0.988
PSN1,PAAD,pancreas,pancreas,0.166,0.177
MZ1-PC,PAAD,pancreas,pancreas,0.325,0.313
PANC-10-05,PAAD,pancreas,pancreas,0.468,0.363
PANC-02-03,PAAD,pancreas,pancreas,0.473,0.361
HuP-T4,PAAD,pancreas,pancreas,0.543,0.373
SUIT-2,PAAD,pancreas,pancreas,0.69,0.408
QGP-1,UNCLASSIFIED,pancreas,pancreas,0.783,0.442
KP-4,PAAD,pancreas,pancreas,0.888,0.445
HuP-T3,PAAD,pancreas,pancreas,0.948,0.46
BxPC-3,PAAD,pancreas,pancreas,1.09,0.48
DAN-G,PAAD,pancreas,pancreas,1.22,0.496
PANC-03-27,PAAD,pancreas,pancreas,1.56,0.536
HPAC,PAAD,pancreas,pancreas,1.66,0.538
PL18,PAAD,pancreas,pancreas,1.72,0.551
KP-2,PAAD,pancreas,pancreas,1.85,0.56
AsPC-1,PAAD,pancreas,pancreas,2.04,0.56
KP-3,UNCLASSIFIED,pancreas,pancreas,2.16,0.58
MIA-PaCa-2,PAAD,pancreas,pancreas,2.52,0.606
PA-TU-8988T,PAAD,pancreas,pancreas,2.96,0.635
SU8686,PAAD,pancreas,pancreas,3,0.63
PL4,PAAD,pancreas,pancreas,4.61,0.698
CAPAN-1,PAAD,pancreas,pancreas,4.73,0.694
Hs-766T,PAAD,pancreas,pancreas,5.13,0.69
YAPC,PAAD,pancreas,pancreas,6.61,0.727
PANC-08-13,PAAD,pancreas,pancreas,6.77,0.727
HPAF-II,PAAD,pancreas,pancreas,6.84,0.726
PANC-04-03,PAAD,pancreas,pancreas,39.4,0.861
CFPAC-1,PAAD,pancreas,pancreas,44.5,0.915
Capan-2,PAAD,pancreas,pancreas,93.6,0.943
SW1990,PAAD,pancreas,pancreas,444,0.984
CHL-1,SKCM,skin,melanoma,0.191,0.213
VMRC-MELG,SKCM,skin,melanoma,0.207,0.238
MZ7-mel,SKCM,skin,melanoma,0.248,0.259
A431,UNCLASSIFIED,skin,skin_other,0.257,0.255
IGR-1,SKCM,skin,melanoma,0.292,0.263
MKL-2,UNCLASSIFIED,skin,Merkel_cell_carcinoma,0.302,0.311
WM35,SKCM,skin,melanoma,0.356,0.307
IPC-298,SKCM,skin,melanoma,0.385,0.316
G-361,SKCM,skin,melanoma,0.4,0.319
A375,SKCM,skin,melanoma,0.485,0.338
MEL-JUSO,SKCM,skin,melanoma,0.634,0.398
IST-MEL1,SKCM,skin,melanoma,0.656,0.406
WM1552C,SKCM,skin,melanoma,0.742,0.418
LB373-MEL-D,SKCM,skin,melanoma,0.772,0.423
UACC-257,SKCM,skin,melanoma,0.865,0.447
SK-MEL-30,SKCM,skin,melanoma,0.869,0.444
WM-115,SKCM,skin,melanoma,0.911,0.454
SK-MEL-24,SKCM,skin,melanoma,1.02,0.471
CP50-MEL-B,SKCM,skin,melanoma,1.04,0.471
HMV-II,SKCM,skin,melanoma,1.12,0.483
LOXIMVI,SKCM,skin,melanoma,1.15,0.486
A101D,SKCM,skin,melanoma,1.32,0.508
GAK,SKCM,skin,melanoma,1.64,0.544
WM793B,SKCM,skin,melanoma,1.73,0.549
LB2518-MEL,SKCM,skin,melanoma,1.85,0.56
COLO-829,SKCM,skin,melanoma,1.96,0.559
WM239A,UNCLASSIFIED,skin,melanoma,2.02,0.579
M14,SKCM,skin,melanoma,2.27,0.592
Hs-940-T,SKCM,skin,melanoma,2.43,0.596
UACC-62,SKCM,skin,melanoma,2.54,0.612
Mewo,SKCM,skin,melanoma,2.8,0.617
SK-MEL-2,SKCM,skin,melanoma,2.83,0.626
SK-MEL-28,SKCM,skin,melanoma,2.86,0.631
451Lu,SKCM,skin,melanoma,3.25,0.652
A388,UNCLASSIFIED,skin,skin_other,3.43,0.648
MZ2-MEL,SKCM,skin,melanoma,3.43,0.646
MMAC-SF,SKCM,skin,melanoma,3.5,0.657
CP66-MEL,SKCM,skin,melanoma,3.64,0.657
RVH-421,SKCM,skin,melanoma,4.9,0.681
Hs-939-T,SKCM,skin,melanoma,5.59,0.718
COLO-792,SKCM,skin,melanoma,5.9,0.738
K2,SKCM,skin,melanoma,6.02,0.711
SH-4,SKCM,skin,melanoma,6.14,0.696
COLO-783,SKCM,skin,melanoma,6.92,0.761
WM902B,UNCLASSIFIED,skin,melanoma,7.48,0.772
COLO-679,SKCM,skin,melanoma,8.27,0.766
A2058,SKCM,skin,melanoma,8.51,0.799
COLO-800,SKCM,skin,melanoma,12.4,0.832
MKL-1-subclone-2,UNCLASSIFIED,skin,Merkel_cell_carcinoma,16.1,0.841
C32,SKCM,skin,melanoma,16.8,0.849
MCC13,UNCLASSIFIED,skin,Merkel_cell_carcinoma,18.4,0.888
MCC26,UNCLASSIFIED,skin,Merkel_cell_carcinoma,58.9,0.915
K8,UNCLASSIFIED,skin,melanoma,85.8,0.998
UISO-MCC-1,UNCLASSIFIED,skin,Merkel_cell_carcinoma,207,0.991
SK-MEL-5,SKCM,skin,melanoma,237,0.971
DJM-1,UNCLASSIFIED,skin,skin_other,286,0.989
HT-144,SKCM,skin,melanoma,321,0.983
K19,UNCLASSIFIED,skin,melanoma,394,0.987
RH-1,UNCLASSIFIED,soft_tissue,rhabdomyosarcoma,0.143,0.157
SK-LMS-1,UNCLASSIFIED,soft_tissue,soft_tissue_other,0.271,0.262
Hs-633T,UNCLASSIFIED,soft_tissue,fibrosarcoma,0.338,0.278
SW872,UNCLASSIFIED,soft_tissue,soft_tissue_other,0.55,0.365
SW982,UNCLASSIFIED,soft_tissue,soft_tissue_other,0.72,0.414
A204,UNCLASSIFIED,soft_tissue,rhabdomyosarcoma,0.769,0.432
RD,UNCLASSIFIED,soft_tissue,rhabdomyosarcoma,0.854,0.442
SJRH30,UNCLASSIFIED,soft_tissue,rhabdomyosarcoma,0.942,0.456
A673,UNCLASSIFIED,soft_tissue,rhabdomyosarcoma,1.03,0.467
KYM-1,UNCLASSIFIED,soft_tissue,rhabdomyosarcoma,1.31,0.509
HT-1080,UNCLASSIFIED,soft_tissue,fibrosarcoma,1.57,0.539
MFH-ino,UNCLASSIFIED,soft_tissue,soft_tissue_other,1.74,0.549
RH-41,UNCLASSIFIED,soft_tissue,rhabdomyosarcoma,2.65,0.628
VA-ES-BJ,UNCLASSIFIED,soft_tissue,soft_tissue_other,3.35,0.65
G-402,UNCLASSIFIED,soft_tissue,soft_tissue_other,10.7,0.775
SK-UT-1,UNCLASSIFIED,soft_tissue,soft_tissue_other,25.6,0.912
GCT,UNCLASSIFIED,soft_tissue,soft_tissue_other,45.8,0.946
SW684,UNCLASSIFIED,soft_tissue,fibrosarcoma,321,0.963
HTC-C3,THCA,thyroid,thyroid,0.195,0.238
BCPAP,THCA,thyroid,thyroid,0.307,0.274
BHT-101,THCA,thyroid,thyroid,0.307,0.288
ML-1,THCA,thyroid,thyroid,0.358,0.32
TT2609-C02,THCA,thyroid,thyroid,0.531,0.37
IHH-4,THCA,thyroid,thyroid,0.533,0.352
CAL-62,THCA,thyroid,thyroid,0.732,0.413
8505C,THCA,thyroid,thyroid,0.762,0.424
S-117,UNCLASSIFIED,thyroid,thyroid,1.29,0.504
RO82-W-1,THCA,thyroid,thyroid,1.31,0.507
K5,THCA,thyroid,thyroid,1.35,0.512
CGTH-W-1,THCA,thyroid,thyroid,1.73,0.551
FTC-133,THCA,thyroid,thyroid,3.84,0.666
KMH-2,THCA,thyroid,thyroid,8.85,0.805
ASH-3,THCA,thyroid,thyroid,49.3,0.938
TT,THCA,thyroid,thyroid,218,0.957
8305C,THCA,thyroid,thyroid,599,0.982
PA-1,UNCLASSIFIED,urogenital_system,ovary,0.0508,0.044
NEC8,UNCLASSIFIED,urogenital_system,testis,0.0994,0.118
VCaP,PRAD,urogenital_system,prostate,0.118,0.17
LNCaP-Clone-FGC,PRAD,urogenital_system,prostate,0.141,0.202
BPH-1,UNCLASSIFIED,urogenital_system,prostate,0.17,0.22
C-33-A,CESC,urogenital_system,cervix,0.185,0.217
IOSE-397,UNCLASSIFIED,urogenital_system,ovary,0.192,0.227
5637,BLCA,urogenital_system,bladder,0.195,0.21
OVCAR-8,OV,urogenital_system,ovary,0.212,0.22
OAW-28,OV,urogenital_system,ovary,0.219,0.265
IOSE-364(-),UNCLASSIFIED,urogenital_system,ovary,0.221,0.233
22RV1,PRAD,urogenital_system,prostate,0.224,0.267
SW954,UNCLASSIFIED,urogenital_system,urogenital_system_other,0.249,0.257
ES-2,UNCLASSIFIED,urogenital_system,ovary,0.265,0.249
KGN,UNCLASSIFIED,urogenital_system,ovary,0.337,0.315
OV-17R,OV,urogenital_system,ovary,0.347,0.331
DSH1,BLCA,urogenital_system,bladder,0.374,0.309
RT4,BLCA,urogenital_system,bladder,0.393,0.325
SK-OV-3,OV,urogenital_system,ovary,0.401,0.341
Ca-Ski,CESC,urogenital_system,cervix,0.403,0.333
RL95-2,UNCLASSIFIED,urogenital_system,endometrium,0.407,0.325
A2780,UNCLASSIFIED,urogenital_system,ovary,0.444,0.341
NTERA-S-cl-D1,UNCLASSIFIED,urogenital_system,testis,0.452,0.34
IOSE-523(-),UNCLASSIFIED,urogenital_system,ovary,0.452,0.334
DU-145,PRAD,urogenital_system,prostate,0.465,0.354
Hey,OV,urogenital_system,ovary,0.47,0.343
ESS-1,UNCLASSIFIED,urogenital_system,endometrium,0.511,0.353
JAR,UNCLASSIFIED,urogenital_system,urogenital_system_other,0.517,0.36
TOV-112D,OV,urogenital_system,ovary,0.524,0.364
OVCAR-5,OV,urogenital_system,ovary,0.551,0.382
MCAS,UNCLASSIFIED,urogenital_system,ovary,0.59,0.384
OVMIU,OV,urogenital_system,ovary,0.596,0.395
HT-3,CESC,urogenital_system,cervix,0.604,0.386
LB831-BLC,BLCA,urogenital_system,bladder,0.607,0.387
EFO-27,UNCLASSIFIED,urogenital_system,ovary,0.632,0.403
TYK-nu,UNCLASSIFIED,urogenital_system,ovary,0.64,0.398
RT-112,BLCA,urogenital_system,bladder,0.656,0.401
ME-180,CESC,urogenital_system,cervix,0.688,0.407
PEO1,OV,urogenital_system,ovary,0.712,0.413
HT-1197,BLCA,urogenital_system,bladder,0.766,0.428
MFE-280,UCEC,urogenital_system,endometrium,0.767,0.431
OV-7,OV,urogenital_system,ovary,0.792,0.441
RMG-I,UNCLASSIFIED,urogenital_system,ovary,0.797,0.434
SW1710,BLCA,urogenital_system,bladder,0.831,0.436
OVKATE,OV,urogenital_system,ovary,0.832,0.45
KU-19-19,BLCA,urogenital_system,bladder,0.863,0.441
EN,UCEC,urogenital_system,endometrium,0.892,0.452
OV-56,OV,urogenital_system,ovary,0.892,0.445
UM-UC-3,BLCA,urogenital_system,bladder,0.915,0.449
OVCA420,OV,urogenital_system,ovary,0.932,0.459
SKN,UNCLASSIFIED,urogenital_system,uterus,0.984,0.465
SW962,UNCLASSIFIED,urogenital_system,urogenital_system_other,0.998,0.468
OMC-1,CESC,urogenital_system,cervix,1.04,0.471
PC-3,PRAD,urogenital_system,prostate,1.06,0.476
BFTC-905,BLCA,urogenital_system,bladder,1.09,0.476
KURAMOCHI,UNCLASSIFIED,urogenital_system,ovary,1.09,0.48
OC-314,OV,urogenital_system,ovary,1.18,0.49
DoTc2-4510,CESC,urogenital_system,cervix,1.18,0.491
UWB1.289,OV,urogenital_system,ovary,1.18,0.493
RKN,UNCLASSIFIED,urogenital_system,ovary,1.2,0.494
TCCSUP,BLCA,urogenital_system,bladder,1.24,0.499
HEC-1,UCEC,urogenital_system,endometrium,1.24,0.499
JHOS-2,OV,urogenital_system,ovary,1.25,0.5
VM-CUB-1,BLCA,urogenital_system,bladder,1.4,0.519
OVISE,OV,urogenital_system,ovary,1.45,0.521
CAL-29,BLCA,urogenital_system,bladder,1.5,0.528
OVTOKO,OV,urogenital_system,ovary,1.52,0.527
OVCA433,OV,urogenital_system,ovary,1.55,0.533
IOSE-75-16SV40,UNCLASSIFIED,urogenital_system,ovary,1.56,0.535
KLE,UCEC,urogenital_system,endometrium,1.64,0.535
COLO-684,UCEC,urogenital_system,endometrium,1.7,0.546
CAL-39,CESC,urogenital_system,cervix,1.72,0.55
SCaBER,UNCLASSIFIED,urogenital_system,bladder,1.74,0.549
SISO,CESC,urogenital_system,cervix,1.9,0.568
OAW-42,OV,urogenital_system,ovary,2.13,0.581
HeLa,CESC,urogenital_system,cervix,2.26,0.596
BOKU,UNCLASSIFIED,urogenital_system,cervix,2.34,0.591
T-24,BLCA,urogenital_system,bladder,2.5,0.612
639-V,BLCA,urogenital_system,bladder,2.98,0.647
MS751,CESC,urogenital_system,cervix,3.81,0.68
Caov-3,OV,urogenital_system,ovary,3.86,0.686
TOV-21G,OV,urogenital_system,ovary,4.29,0.683
EFO-21,OV,urogenital_system,ovary,4.44,0.665
C-4-I,CESC,urogenital_system,cervix,4.53,0.691
J82,BLCA,urogenital_system,bladder,4.76,0.706
AN3-CA,UCEC,urogenital_system,endometrium,4.76,0.697
Ishikawa(Heraklio)02ER-,UNCLASSIFIED,urogenital_system,uterus,4.83,0.711
OV-90,OV,urogenital_system,ovary,4.83,0.685
SW756,CESC,urogenital_system,cervix,5.31,0.704
647-V,BLCA,urogenital_system,bladder,8.36,0.781
FU-OV-1,OV,urogenital_system,ovary,11.7,0.786
MFE-296,UCEC,urogenital_system,endometrium,13,0.822
OVCAR-4,OV,urogenital_system,ovary,13.8,0.786
JHOS-3,OV,urogenital_system,ovary,15.4,0.816
HT-1376,BLCA,urogenital_system,bladder,15.5,0.828
MFE-319,UCEC,urogenital_system,endometrium,34.8,0.923
SKG-IIIa,CESC,urogenital_system,cervix,41,0.888
SW780,BLCA,urogenital_system,bladder,69.7,0.944
SiHa,CESC,urogenital_system,cervix,80.5,0.943
MES-SA,UNCLASSIFIED,urogenital_system,uterus,174,0.992
JEG-3,UNCLASSIFIED,urogenital_system,urogenital_system_other,228,0.991
OVK-18,OV,urogenital_system,ovary,396,0.986
DOV13,OV,urogenital_system,ovary,399,0.984
OVCAR-3,OV,urogenital_system,ovary,417,0.987